crypto-fundamentals-over-market-cap	https://hellobtc.jp/wp-content/uploads/2026/08/featured-1786938232.jpg
sec-crypto-meeting-delay	https://hellobtc.jp/wp-content/uploads/2026/08/featured-1786933798.jpg
solana-nearly-froze-network	https://hellobtc.jp/wp-content/uploads/2026/08/featured-1786544425.jpg
russia-retail-crypto-limits	https://hellobtc.jp/wp-content/uploads/2026/08/featured-1786534600.jpg
coreweave-ai-infrastructure-surge	https://hellobtc.jp/wp-content/uploads/2026/08/featured-1786528807.jpg
metaplanet-bitcoin-wallet-transfer	https://hellobtc.jp/wp-content/uploads/2026/08/featured-1786519419.jpg
bitcoin-etf-inflows-selling	https://hellobtc.jp/wp-content/uploads/2026/08/featured-1786488175.jpg
ravencoin-four-day-rollback	https://hellobtc.jp/wp-content/uploads/2026/08/featured-1786448081.jpg
bitcoin-bip110-free-market	https://hellobtc.jp/wp-content/uploads/2026/08/featured-1786361953.jpg
cme-bitcoin-funds-net-long	https://hellobtc.jp/wp-content/uploads/2026/08/featured-1786356865.jpg
clarity-act-senate-delay	https://hellobtc.jp/wp-content/uploads/2026/08/featured-1786314753.jpg
crypto-project-shakeout-2026	https://hellobtc.jp/wp-content/uploads/2026/08/featured-1786283390.jpg
bitcoin-bip110-branch-stalls	https://hellobtc.jp/wp-content/uploads/2026/08/featured-1786274256.jpg
brazil-crypto-transfer-delay	https://hellobtc.jp/wp-content/uploads/2026/08/featured-1786268173.jpg
bip-110-bitcoin-fork-stalls	https://hellobtc.jp/wp-content/uploads/2026/08/featured-1786258541.jpg
russia-hardware-wallet-sales	https://hellobtc.jp/wp-content/uploads/2026/08/featured-1786248853.jpg
bitcoin-bip110-signaling-begins	https://hellobtc.jp/wp-content/uploads/2026/08/featured-1786228224.jpg
t-rowe-price-crypto-etf-memecoins	https://hellobtc.jp/wp-content/uploads/2026/08/featured-1786196686.jpg
btcpay-lnd-lightning-exploit	https://hellobtc.jp/wp-content/uploads/2026/08/featured-1786187830.jpg
senate-clarity-act-vote	https://hellobtc.jp/wp-content/uploads/2026/08/featured-1786181712.jpg
bip-110-bitcoin-replay-risk	https://hellobtc.jp/wp-content/uploads/2026/08/featured-1786171918.jpg
xrpl-confidential-transfers-rwa	https://hellobtc.jp/wp-content/uploads/2026/08/featured-1786162095.jpg
trump-media-cro-deal-scrapped	https://hellobtc.jp/wp-content/uploads/2026/08/featured-1786142210.jpg
russia-unlicensed-crypto-exchanges	https://hellobtc.jp/wp-content/uploads/2026/08/featured-1786111971.jpg
bitcoin-middle-east-tensions	https://hellobtc.jp/wp-content/uploads/2026/08/featured-1786102536.jpg
coldcard-bitcoin-wallet-migration	https://hellobtc.jp/wp-content/uploads/2026/08/featured-1786096763.jpg
bitcoin-whales-etf-inflows	https://hellobtc.jp/wp-content/uploads/2026/08/featured-1786086870.jpg
bitcoin-inverse-head-shoulders	https://hellobtc.jp/wp-content/uploads/2026/08/featured-1786078248.jpg
ondo-finance-control-fight	https://hellobtc.jp/wp-content/uploads/2026/08/featured-1786066231.jpg
mica-crypto-regulation-impact	https://hellobtc.jp/wp-content/uploads/2026/08/featured-1786029209.jpg
hyperliquid-etf-inflows-stall	https://hellobtc.jp/wp-content/uploads/2026/08/featured-1786020780.jpg
ai-stocks-bitcoin-rotation	https://hellobtc.jp/wp-content/uploads/2026/08/featured-1786015269.jpg
bitcoin-etf-inflows	https://hellobtc.jp/wp-content/uploads/2026/08/featured-1786005301.jpg
bitcoin-spacex-stock-unlock	https://hellobtc.jp/wp-content/uploads/2026/08/featured-1785994958.jpg
binance-redotpay-lawsuit	https://hellobtc.jp/wp-content/uploads/2026/08/featured-1785970824.jpg
bitcoin-portfolio-sizing-test	https://hellobtc.jp/wp-content/uploads/2026/08/featured-1785942788.jpg
elizaos-token-dead	https://hellobtc.jp/wp-content/uploads/2026/08/featured-1785932999.jpg
circle-usdc-arc-growth	https://hellobtc.jp/wp-content/uploads/2026/08/featured-1785928731.jpg
bitcoin-stocks-ratio-breakout	https://hellobtc.jp/wp-content/uploads/2026/08/featured-1785918919.jpg
coldcard-hacker-bitcoin-messages	https://hellobtc.jp/wp-content/uploads/2026/08/featured-1785908505.jpg
spacex-bitcoin-loss-earnings	https://hellobtc.jp/wp-content/uploads/2026/08/featured-1785884668.jpg
bitcoin-63000-buyers-battleground	https://hellobtc.jp/wp-content/uploads/2026/08/featured-1785857050.jpg
bny-crypto-staking-custody	https://hellobtc.jp/wp-content/uploads/2026/08/featured-1785847870.jpg
south-africa-crypto-rules	https://hellobtc.jp/wp-content/uploads/2026/08/featured-1785842530.jpg
bhutan-gmc-bitcoin-treasury	https://hellobtc.jp/wp-content/uploads/2026/08/featured-1785832537.jpg
solana-sol-burn-proposal	https://hellobtc.jp/wp-content/uploads/2026/08/featured-1785822156.jpg
fbi-crypto-theft-arrest	https://hellobtc.jp/wp-content/uploads/2026/08/featured-1785798136.jpg
american-bitcoin-executive-giga-energy	https://hellobtc.jp/wp-content/uploads/2026/08/featured-1785771757.jpg
blackrock-tokenized-money-funds	https://hellobtc.jp/wp-content/uploads/2026/08/featured-1785763936.jpg
strategy-bitcoin-strc-buyback	https://hellobtc.jp/wp-content/uploads/2026/08/featured-1785759633.jpg
coldcard-bitcoin-wallet-losses	https://hellobtc.jp/wp-content/uploads/2026/08/featured-1785750201.jpg
trump-media-bitcoin-transfer	https://hellobtc.jp/wp-content/uploads/2026/08/featured-1785737705.jpg
